{
    "shock-stand-off": { 
        "Kim": {
            "Mach": [
                1.332998605,
                1.834421199,
                2.770067875,
                3.289997211,
                3.9821404,
                4.205783357,
                5.99706927
                ],

            "epsilon": [
                5.323570432,
                1.578800558,
                0.776847978,
                0.616457462,
                0.546722455,
                0.525801953,
                0.483960948
                ]
        },

        "Alperin": {
            "Mach": [
                1.288070665,
                1.585249651,
                1.792349605,
                1.998780102
                ],
    
            "epsilon": [
                5.191073919,
                2.60390516,
                1.613668061,
                1.209205021
                ]
        }
    },
    
    "Pressure": {
        "Mach=6": {
            "theta":[0,
            0.124548839,
            0.241234195,
            0.37004242,
            0.443587833,
            0.517089559,
            0.584409713,
            0.682419296,
            0.762015222,
            0.810987249,
            0.860002962,
            0.933504688,
            1.013187986,
            1.092893127,
            1.184852196,
            1.276876794,
            1.375082964,
            1.485586748,
            1.565466633
            ],

            "p0/p0(0)": [
                1,
                0.96840853,
                0.922838826,
                0.851923246,
                0.803775996,
                0.750011015,
                0.693470215,
                0.622719863,
                0.560495241,
                0.520906768,
                0.486936024,
                0.433171043,
                0.382181882,
                0.334001586,
                0.277328604,
                0.229082217,
                0.18361165,
                0.135266126,
                0.10955675
            ]
        },

        "Mach=4": {
            "theta":[
                0,
                0.105720165,
                0.210151592,
                0.29614752,
                0.375874504,
                0.44937623,
                0.559661584,
                0.651489595,
                0.718831593,
                0.810637761,
                0.871885559,
                0.982170913,
                1.049556596,
                1.15381328,
                1.25195392,
                1.337862476,
                1.442250217,
                1.540521916,
                1.620423644
            ],

            "p0/p0(0)": [
                1,
                0.972781381,
                0.93372858,
                0.900697289,
                0.852908076,
                0.796278034,
                0.715770788,
                0.638326507,
                0.581731271,
                0.501328445,
                0.453643652,
                0.373136406,
                0.322458261,
                0.259737096,
                0.202967827,
                0.158102354,
                0.113132462,
                0.074114467,
                0.049993619
            ]
        }
    },

    "shock-shape": {
        "Mach=4": {
            "x": [
                -1.527820781,
                -1.523404062,
                -1.502413259,
                -1.48146799,
                -1.444176305,
                -1.384709954,
                -1.341407886,
                -1.276249886,
                -1.210955286,
                -1.101766688,
                -0.997814407,
                -0.89363446,
                -0.77288043,
                -0.652171933,
                -0.498315272
            ],
            
            "y": [
                0.010563701,
                0.147223993,
                0.294994384,
                0.448228759,
                0.639893149,
                0.837264366,
                0.974349634,
                1.155389612,
                1.320037641,
                1.550739156,
                1.743132077,
                1.908205082,
                2.084388186,
                2.266035273,
                2.469902559
            ]
        },

        "Mach=6": {
            "x": [
                -1.416719789,
                -1.417630453,
                -1.4130316,
                -1.397231582,
                -1.375876514,
                -1.33817503,
                -1.300428012,
                -1.257080412,
                -1.191694745,
                -1.142564429,
                -1.077042164,
                -0.994900282,
                -0.929150351,
                -0.830252254,
                -0.758947273,
                -0.654539659,
                -0.56101448,
                -0.434432201,
                -0.291139241    
            ],
            
            "y": [
                0.011777919,
                0.121057584,
                0.235861943,
                0.339859758,
                0.443918283,
                0.586406824,
                0.723431381,
                0.855052667,
                1.008772729,
                1.113134809,
                1.250462921,
                1.393437149,
                1.503445345,
                1.635673739,
                1.745742646,
                1.883495735,
                1.993807486,
                2.137267401,
                2.275445466  
            ]
        }
    }
}