{
    "Mach=2.5":  { 
        "theta": [0,0.0625,0.125,0.1875,0.25,0.3125,0.375,0.4375,0.5,0.5625,0.625,0.6875,0.75,0.8125,0.8633,0.8945,0.9375,1,1.0625,1.125,1.1875,1.25,1.2812
        ],

        "epsilon": [0.913,0.915,0.922,0.933,0.949,0.969,0.993,1.021,1.053,1.09,1.132,1.191,1.235,1.297,1.354,1.391,1.446,1.535,1.636,1.749,1.878,2.025,2.106
        ],

        "kai":[0,0.023,0.048,0.075,0.105,0.137,0.17,0.204,0.236,0.267,0.297,0.326,0.355,0.382,0.404,0.418,0.436,0.462,0.487,0.512,0.536,0.559,0.57
        ],

        "F1":[2.004,2.003,1.999,1.992,1.981,1.966,1.946,1.922,1.896,1.867,1.836,1.805,1.772,1.739,1.711,1.694,1.67,1.636,1.602,1.568,1.535,1.503,1.487
        ],

        "dln(F1)/dpsi":[0,-0.0926,-0.208,-0.362,-0.549,-0.744,-0.919,-1.058,-1.157,-1.228,-1.278,-1.314,-1.338,-1.348,-1.346,-1.398,-1.325,-1.287,-1.246,-1.188,-1.118,-1.039,-0.997
        ],

        "p0/p0(0)":[1,0.997,0.99,0.978,0.959,0.933,0.9,0.863,0.82,0.775,0.728,0.679,0.629,0.58,0.541,0.518,0.485,0.439,0.396,0.356,0.318,0.284,0.267
        ]

    },
    
    "Mach=3":  { 
        "theta": [
            0,0.0625,0.125,0.1875,0.25,0.3125,0.375,0.4375,0.5,0.5625,0.625,0.6875,0.7207,0.752,0.7832,0.8145,0.8379,0.875,0.9062,0.9375,0.9688,1,1.0312
        ],

        "epsilon": [
            0.703,0.704,0.709,0.716,0.727,0.741,0.759,0.78,0.805,0.834,0.868,0.907,0.93,0.952,0.977,1.003,1.023,1.057,1.088,1.121,1.156,1.193,1.232
        ],

        "kai":[
            0,0.035,0.0694,0.102,0.135,0.167,0.2,0.232,0.263,0.294,0.324,0.354,0.369,0.384,0.398,0.412,0.422,0.439,0.452,0.466,0.479,0.493,0.506
        ],

        "F1":[
            3.046,3.041,3.027,3.004,2.975,2.937,2.893,2.843,2.787,2.727,2.664,2.598,2.562,2.528,2.493,2.459,2.433,2.391,2.356,2.321,2.286,2.251,2.217
        ],

        "dln(F1)/dpsi":[
            0,-0.486,-0.926,-1.323,-1.714,-2.102,-2.461,-2.774,-3.038,-3.256,-3.432,-3.565,-3.619,-3.658,-3.685,-3.689,-3.699,-3.724,-3.719,-3.706,-3.682,-3.65,-3.587
        ],

        "p0/p0(0)":[
            1,0.996,0.987,0.97,0.947,0.918,0.883,0.844,0.801,0.754,0.706,0.655,0.628,0.608,0.578,0.552,0.533,0.504,0.479,0.455,0.431,0.408,0.385
        ],

        "shock":{
            "x": [
                -1.70001165455887,-1.70220659648032,-1.70174041412532,-1.6960296802766,-1.69558292218639,-1.69000815819121,-1.67914999417272,-1.6708752573715,-1.65749193893011,-1.64156404180101,-1.62555844761275,-1.61493337477176,-1.59379977467852,-1.57523017753777,-1.55155199875684,-1.52785439571112,-1.50417621693018,-1.48319801095528,-1.45703352628102,-1.40728798414979,-1.38124004506429,-1.3655258148479,-1.34204187871488,-1.29781282778446,-1.26910376442251,-1.23008041645623,-1.20401305310593,-1.13119148440231,-1.07925100034963,-0.980595159473213
            ],

            "y":[
                0.00359996374137194,0.0515908472864299,0.112194553436152,0.187923287103583,0.2460018388304,0.304054491537495,0.382282480608108,0.457998264765678,0.531162995480621,0.601789622262797,0.682516866736593,0.730443002732346,0.81114434818642,0.891858643150356,0.970021884671665,1.05071028061587,1.12887352213718,1.18937363220802,1.25742330652784,1.39101045025445,1.44390919803685,1.48675912616707,1.53967082345933,1.62278077774756,1.68829234813462,1.76132758375095,1.81675148595625,1.95022208409411,2.03581834427566,2.19441099154397
            ],

            "N": 3
        },

        "sonic-line":{
            "x": [
                -1.27700944019268,-1.2283128083602,-1.16429043160716,-1.10797948797637,-1.06196340468513,-1.00310788236665,-0.929023736451574,-0.877937920049725,-0.844819548580085,-0.806592595470261,-0.778582805640805,-0.750708985664891,-0.730507750281651,-0.71030651489841,-0.695272133949729,-0.685443455965191,-0.68062623829688,-0.675867293422943,-0.673691775766286,-0.671457985315255,-0.671749349287128,-0.66967095295443,-0.669962316926303,-0.670273105162969,-0.663435763956334,-0.665591857348198
            ],

            "y":[
                1.66055449801225,1.65778330290198,1.64735894746383,1.63444828613237,1.61653911399453,1.6010903487303,1.56536265102365,1.53985211659738,1.51190707431723,1.48141097859446,1.45601698975693,1.41294691995907,1.3724408531137,1.33193478626834,1.28640430959688,1.23079911425352,1.19037074446732,1.1423669114124,1.09185087344444,1.04891029874519,1.01103298240161,0.947891172319127,0.910013855975551,0.869611385209069,0.758465742071662,0.81150693446253
            ],

            "N": 3
        }

    },
    

    "Mach=4":  { 
        "theta": [
            0,0.0625,0.125,0.1875,0.25,0.3125,0.375,0.4375,0.5,0.5625,0.625,0.6875,0.75,0.8008,0.8428,0.875,0.9375,1,1.0625,1.125,1.1875
        ],

        "epsilon": [
            0.546,0.548,0.552,0.559,0.569,0.58,0.595,0.612,0.632,0.656,0.683,0.714,0.749,0.78,0.81,0.832,0.882,0.938,1.001,1.071,1.15
        ],

        "kai":[
            0,0.0323,0.0665,0.103,0.141,0.18,0.217,0.253,0.299,0.323,0.357,0.380,0.422,0.448,0.47,0.485,0.516,0.546,0.575,0.603,0.631
        ],

        "F1":[
            7.207,7.194,7.153,7.078,6.967,6.823,6.654,6.464,6.259,6.041,5.813,5.577,5.336,5.139,4.871,4.849,4.609,4.373,4.144,3.923,3.709
        ],

        "dln(F1)/dpsi":[
            0,-1.541,-3.414,-5.618,-7.825,-9.762,-11.385,-12.785,-14.035,-15.172,-16.198,-17.098,-17.855,-18.305,-18.998,-18.885,-19.085,-19.102,-18.97,-18.705,-18.308
        ],

        "p0/p0(0)":[
            1,0.996,0.987,0.97,0.945,0.913,0.876,0.834,0.788,0.739,0.688,0.636,0.584,0.542,0.507,0.482,0.433,0.386,0.343,0.303,0.266
        ],

        "shock":{
            "x": [
                -1.54352977739792,-1.54302474651334,-1.54217007886251,-1.5336622508838,-1.52274581407093,-1.50926537430558,-1.4905209587817,-1.46406511013558,-1.42723670409074,-1.39567227380443,-1.35894098908356,-1.32759022570995,-1.29623946233635,-1.26492754749232,-1.22837108115457,-1.18161687580125,-1.13216269764189,-1.09317819820519,-1.05425197156287,-1.01012004195641,-0.976321821219066,-0.929684161454488,-0.890757934812166,-0.849267705217356,-0.815566605803969,-0.774115224738742
            ],

            "y":[
                0.0129106613314684,0.0785646763270007,0.189671470934825,0.295689108167255,0.381492560506584,0.467283063336052,0.570723748106134,0.676650738769537,0.797676857930927,0.901052795151703,1.00945314219856,1.08505238076738,1.1606516193362,1.23120054905921,1.31687450629993,1.39492120223249,1.49063102961552,1.55861595638605,1.61902541988785,1.68950960206156,1.74994496458309,1.81284073397821,1.87325019748002,1.93364671147197,1.98145630187897,2.0368025070251
            ],
            "N": 2
        },

        "sonic-line":{
            "x": [
                -1.25461326288799,-1.20055553397303,-1.14651722932286,-1.07967833417505,-0.997533118371468,-0.925838157025756,-0.872168913406626,-0.833961384561593,-0.798434404257798,-0.778252593139349,-0.758148479080066,-0.740666640767646,-0.72582650246688,-0.713530942853812,-0.698671380288255,-0.681461481682917
            ],

            "y":[
                1.23872421428848,1.26622897323336,1.29120857775533,1.31359828030509,1.32580966810406,1.31282130971342,1.28982298020019,1.25680173005451,1.20864250288126,1.16561128161299,1.11247944265309,1.05178508993434,0.981003069033837,0.912759152066094,0.84450228558849,0.748455770949069
            ],
            "N": 2
        }
    },

    "Mach=5":  { 
        "theta": [
            0,0.0625,0.125,0.1875,0.25,0.3125,0.375,0.4375,0.5,0.5625,0.625,0.6875,0.75,0.8125,0.875,0.9375,1,1.0625,1.125,1.1875
        ],

        "epsilon": [
            0.481,0.483,0.486,0.493,0.501,0.512,0.524,0.54,0.558,0.579,0.603,0.631,0.662,0.698,0.738,0.782,0.832,0.888,0.951,1.021
        ],

        "kai":[
            0,0.034,0.071,0.109,0.149,0.189,0.227,0.265,0.301,0.337,0.371,0.406,0.439,0.472,0.505,0.536,0.567,0.598,0.627,0.656
        ],

        "F1":[
            16.203,16.166,16.047,15.831,15.517,15.118,14.655,14.139,13.584,12.997,12.386,11.759,11.125,10.488,9.856,9.237,8.634,8.053,7.496,6.969
        ],