{
    "Mach=3":  {
        
        "theta":[0,0.0625,0.125,0.1875,0.25,0.3125,0.375,0.4375,0.5,0.5625,0.625,0.6875,0.7207,0.752,0.7832,0.8145,0.8379,0.875,0.9062,0.9375,0.9688,1,1.0312,1.0625,1.0938,1.12,1.1562
        ],
        
        "xi=0": {
            "u":[0,0,0,0,0,0,0,0,0,0,0,0,0,0,0,0,0,0,0,0,0,0,0,0,0,0,0
            ],	

            "v":[0,0.0299,0.0607,0.0921,0.123,0.155,0.186,0.217,0.247,0.277,0.307,0.336,0.352,0.366,0.38,0.394,0.405,0.421,0.435,0.448,0.462,0.475,0.488,0.501,0.513,0.526,0.538
            ],

            "T":[1,0.999,0.996,0.991,0.964,0.975,0.965,0.952,0.938,0.922,0.905,0.886,0.875,0.865,0.855,0.841,0.835,0.822,0.81,0.798,0.786,0.774,0.761,0.749,0.736,0.722,0.709
            ],

            "rho":[0.328,0.327,0.325,0.321,0.315,0.308,0.3,0.29,0.28,0.268,0.256,0.242,0.235,0.228,0.221,0.214,0.209,0.201,0.194,0.187,0.18,0.173,0.166,0.159,0.152,0.145,0.139
            ],

            "p":[0.328,0.327,0.324,0.318,0.311,0.301,0.29,0.277,0.263,0.247,0.231,0.215,0.206,0.198,0.189,0.181,0.175,0.165,0.157,0.149,0.141,0.134,0.126,0.119,0.112,0.105,0.0988
            ],

            "psi":[0,0,0,0,0,0,0,0,0,0,0,0,0,0,0,0,0,0,0,0,0,0,0,0,0,0,0
            ]
        },

        "xi=0.25": {
            "u":[-0.0706,-0.0703,-0.0697,-0.0685,-0.0667,-0.0643,-0.0612,-0.0574,-0.052,-0.0477,-0.0417,-0.0348,-0.0306,-0.0268,-0.0226,-0.0181,-0.0146,-0.00376,-0.00353,0.00194,0.00769,0.0137,0.0199,0.0265,0.0334,0.0405,0.0479
        ],	
            
            "v":[0,0.0286,0.057,0.085,0.112,0.14,0.167,0.193,0.219,0.245,0.27,0.294,0.306,0.317,0.329,0.339,0.348,0.36,0.37,0.38,0.39,0.399,0.408,0.417,0.426,0.434,0.442
        ],

            "T":[0.995,0.994,0.991,0.988,0.982,0.976,0.968,0.959,0.948,0.937,0.925,0.912,0.905,0.898,0.861,0.884,0.878,0.87,0.862,0.855,0.847,0.84,0.832,0.824,0.817,0.809,0.801
        ],

            "rho":[0.323,0.323,0.321,0.318,0.314,0.309,0.303,0.297,0.289,0.281,0.273,0.263,0.258,0.254,0.249,0.244,0.241,0.235,0.23,0.225,0.221,0.216,0.211,0.206,0.202,0.197,0.192
        ],

            "p":[0.322,0.321,0.319,0.314,0.309,0.302,0.294,0.285,0.274,0.264,0.252,0.24,0.234,0.228,0.222,0.216,0.211,0.204,0.198,0.193,0.187,0.181,0.176,0.17,0.165,0.159,0.154
        ],

            "psi":[0,0.00168,0.00337,0.00505,0.00673,0.00839,0.01,0.0116,0.0132,0.0148,0.0164,0.0179,0.0187,0.0194,0.0201,0.0209,0.0214,0.0223,0.023,0.0237,0.0244,0.0251,0.0257,0.0264,0.0271,0.0278,0.0285
        ]
        },

        "xi=0.5":{
            "u":[-0.122,-0.122,-0.121,-0.118,-0.115,-0.111,-0.105,-0.0996,-0.0921,-0.0835,-0.0738,-0.0629,-0.0566,-0.0503,-0.0438,-0.0369,-0.0316,-0.0227,-0.0149,-0.00684,0.0161,0.0103,0.0194,0.0288,0.0385,0.0485,0.0588
        ],	
            
            "v":[0,0.0282,0.0561,0.0839,0.111,0.138,0.164,0.191,0.216,0.241,0.264,0.288,0.299,0.31,0.321,0.331,0.339,0.35,0.36,0.369,0.378,0.387,0.395,0.403,0.411,0.418,0.425
        ],

            "T":[0.984,0.984,0.982,0.978,0.974,0.968,0.961,0.953,0.944,0.934,0.924,0.913,0.906,0.9,0.894,0.888,0.883,0.876,0.869,0.863,0.856,0.85,0.843,0.836,0.829,0.822,0.815
        ],

            "rho":[0.316,0.316,0.314,0.312,0.309,0.306,0.301,0.297,0.291,0.285,0.279,0.273,0.269,0.266,0.262,0.259,0.256,0.252,0.249,0.245,0.242,0.238,0.235,0.231,0.228,0.224,0.221
        ],

            "p":[0.311,0.311,0.309,0.306,0.301,0.296,0.29,0.283,0.275,0.267,0.258,0.249,0.244,0.239,0.235,0.23,0.226,0.221,0.216,0.212,0.207,0.202,0.198,0.193,0.189,0.184,0.18
        ],

            "psi":[0,0.00327,0.00654,0.00981,0.013,0.0163,0.0195,0.0227,0.026,0.0292,0.0324,0.0355,0.0372,0.0388,0.0404,0.042,0.0432,0.0451,0.0467,0.0484,0.05,0.0516,0.0533,0.055,0.0567,0.0584,0.0601
        ]
        },

        "xi=0.75":{
            "u":[-0.166,-0.165,-0.162,-0.159,-0.154,-0.149,-0.141,-0.133,-0.123,-0.111,-0.099,-0.085,-0.0771,-0.0692,-0.0611,-0.0526,-0.0461,-0.0354,-0.026,-0.0164,-0.0064,0.00376,0.0142,0.025,0.036,0.0472,0.0585
        ],	
            
            "v":[0,0.0295,0.0591,0.0867,0.118,0.146,0.175,0.202,0.229,0.255,0.28,0.304,0.317,0.328,0.339,0.35,0.358,0.37,0.38,0.389,0.398,0.407,0.415,0.424,0.431,0.439,0.446
        ],

            "T":[0.972,0.971,0.969,0.966,0.962,0.956,0.949,0.941,0.932,0.922,0.911,0.899,0.893,0.887,0.881,0.874,0.869,0.861,0.854,0.848,0.841,0.833,0.826,0.819,0.812,0.804,0.797
        ],

            "rho":[0.305,0.305,0.305,0.303,0.301,0.299,0.296,0.293,0.289,0.285,0.281,0.276,0.273,0.271,0.268,0.266,0.264,0.261,0.258,0.255,0.252,0.25,0.247,0.244,0.241,0.238,0.235
        ],

            "p":[0.297,0.297,0.295,0.293,0.29,0.286,0.281,0.276,0.27,0.263,0.256,0.248,0.244,0.24,0.236,0.232,0.229,0.225,0.22,0.216,0.212,0.208,0.204,0.2,0.196,0.192,0.188
        ],

            "psi":[0,0.00485,0.0097,0.0145,0.0194,0.0242,0.0291,0.034,0.0389,0.0439,0.0489,0.0539,0.0566,0.0592,0.0618,0.0644,0.0664,0.0695,0.0722,0.075,0.077,0.0806,0.0834,0.0863,0.0893,0.0924,0.0955
        ]
        },

        "xi=1":{
            "u":[-0.207,-0.207,-0.204,-0.199,-0.193,-0.185,-0.175,-0.164,-0.151,-0.136,-0.12,-0.102,-0.0922,-0.0823,-0.07,-0.0615,-0.0688,-0.04,-0.0286,-0.0167,-0.00468,0.00765,0.0208,0.0331,0.0463,0.0696,0.0732
        ],	
            
            "v":[0,0.0337,0.0671,0.0995,0.131,0.162,0.192,0.222,0.251,0.278,0.305,0.329,0.342,0.358,0.364,0.375,0.383,0.394,0.404,0.413,0.421,0.429,0.437,0.444,0.451,0.457,0.462
        ],

            "T":[0.956,0.956,0.953,0.95,0.945,0.939,0.931,0.923,0.914,0.903,0.892,0.88,0.874,0.868,0.861,0.855,0.85,0.842,0.835,0.829,0.822,0.815,0.806,0.801,0.794,0.787,0.78
        ],

            "rho":[0.294,0.293,0.293,0.292,0.292,0.291,0.289,0.288,0.286,0.284,0.282,0.28,0.279,0.277,0.276,0.275,0.274,0.272,0.271,0.269,0.268,0.266,0.264,0.263,0.261,0.26,0.258
        ],

            "p":[0.281,0.28,0.279,0.278,0.276,0.273,0.269,0.266,0.261,0.257,0.252,0.246,0.243,0.241,0.238,0.235,0.233,0.229,0.226,0.223,0.22,0.217,0.214,0.21,0.207,0.204,0.201
        ],

            "psi":[0,0.0065,0.013,0.0195,0.0261,0.0327,0.0393,0.0461,0.0529,0.0598,0.0668,0.0739,0.0778,0.0815,0.0852,0.089,0.0919,0.0965,0.1,0.104,0.108,0.112,0.117,0.121,0.125,0.13,0.135
        ]
        }
    },

    "Mach=4":  { 
        "theta":[0,0.0625,0.125,0.1875,0.25,0.3125,0.375,0.4375,0.5,0.5625,0.625,0.6875,0.75,0.8008,0.8438,0.875,0.9375,1,1.0625,1.125,1.1875
        ],
        
        "xi=0": {
            "u":[0,0,0,0,0,0,0,0,0,0,0,0,0,0,0,0,0,0,0,0,0
        ],	

            "v":[0,0.0292,0.0598,0.0923,0.125,0.159,0.192,0.224,0.256,0.287,0.317,0.347,0.377,0.4,0.419,0.433,0.461,0.487,0.512,0.537,0.561
        ],

            "T":[1,0.999,0.996,0.991,0.984,0.974,0.963,0.949,0.934,0.917,0.899,0.879,0.857,0.839,0.824,0.811,0.787,0.762,0.736,0.711,0.685
        ],

            "rho":[0.138,0.138,0.137,0.135,0.133,0.13,0.126,0.121,0.117,0.111,0.106,0.1,0.946,0.895,0.855,0.823,0.763,0.704,0.646,0.592,0.539
        ],

            "p":[1.38,1.38,1.37,1.34,1.31,1.26,1.21,1.15,1.09,1.02,0.956,0.883,0.811,0.752,0.704,0.668,0.601,0.536,0.476,0.421,0.369
        ],

            "psi":[0,0,0,0,0,0,0,0,0,0,0,0,0,0,0,0,0,0,0,0,0
        ]
        },

        "xi=0.25": {
            "u":[-0.564,-0.563,-0.55,-0.549,-0.534,-0.513,-0.487,-0.455,-0.417,-0.372,-0.319,-0.28,-0.192,-0.131,-0.0754,-0.0321,0.0606,0.162,0.272,0.391,0.52
        ],	
            
            "v":[0,0.0307,0.0611,0.0912,0.12,0.15,0.179,0.207,0.235,0.263,0.2,0.315,0.34,0.36,0.376,0.386,0.41,0.431,0.45,0.469,0.487
        ],

            "T":[0.996,0.995,0.993,0.988,0.982,0.974,0.965,0.954,0.942,0.929,0.915,0.899,0.883,0.869,0.858,0.849,0.831,0.813,0.795,0.778,0.76
        ],

            "rho":[0.137,0.136,0.135,0.134,0.132,0.13,0.127,0.123,0.12,0.116,0.111,0.107,0.102,0.989,0.957,0.932,0.885,0.837,0.79,0.744,0.699
        ],

            "p":[0.136,0.136,0.135,0.133,0.13,0.126,0.122,0.118,0.113,0.107,0.102,0.0966,0.0908,0.086,0.0821,0.0792,0.0736,0.0681,0.0628,0.0579,0.0531
        ],